{
  "project_info": {
    "project_number": "172785525877",
    "project_id": "notes-authentication-8615",
    "storage_bucket": "notes-authentication-8615.firebasestorage.app"
  },
  "client": [
    {
      "client_info": {
        "mobilesdk_app_id": "1:172785525877:android:2f340343a896b8c75ac43c",
        "android_client_info": {
          "package_name": "com.example.notes_app_8615"
        }
      },
      "oauth_client": [],
      "api_key": [
        {
          "current_key": "AIzaSyBqQD1YS5ELgoFyp_oi0urS0wgOSPewiwM"
        }
      ],
      "services": {
        "appinvite_service": {
          "other_platform_oauth_client": []
        }
      }
    }
  ],
  "configuration_version": "1"
}